loss,mse,val_loss,val_mse
169.77166748046875,1.5520473718643188,168.37808227539062,1.2626187801361084
167.09588623046875,1.142573595046997,165.84420776367188,1.0821713209152222
164.5193634033203,0.9849907159805298,163.2677001953125,0.9852702021598816
161.89013671875,0.8895987272262573,160.62924194335938,0.9253924489021301
159.2133026123047,0.8219999074935913,157.94886779785156,0.881655216217041
