loss,mse,val_loss,val_mse
53.439231872558594,1.3936532735824585,52.957794189453125,1.0384055376052856
52.7424430847168,0.9574318528175354,52.54878234863281,0.9020583033561707
52.31480026245117,0.8125506639480591,52.207366943359375,0.8523145318031311
51.930931091308594,0.7261396646499634,51.85818099975586,0.8061473369598389
51.561275482177734,0.6651734709739685,51.52485275268555,0.7863200902938843
