loss,mse,val_loss,val_mse
39.23078536987305,1.3998486995697021,38.90141296386719,1.1486496925354004
38.70615768432617,1.035176396369934,38.59723663330078,1.0097942352294922
38.39619827270508,0.895308792591095,38.3557243347168,0.9429100751876831
38.1356201171875,0.8126823306083679,38.12670135498047,0.8948628902435303
37.88651657104492,0.7473341822624207,37.90495300292969,0.859671950340271
