loss,mse,val_loss,val_mse
43.25876998901367,1.583066463470459,42.72019577026367,1.1311373710632324
42.5645751953125,1.0717384815216064,42.38737487792969,0.9937253594398499
42.23099136352539,0.9408820271492004,42.10893249511719,0.9246103167533875
41.92951965332031,0.8536937236785889,41.85205078125,0.8863821625709534
41.643516540527344,0.7907735705375671,41.587520599365234,0.8491339683532715
